review,sentiment
The product is amazing,Positive
Excellent quality and service,Positive
I absolutely love this product,Positive
Very satisfied with my purchase,Positive
The quality is really good,Positive
This is fantastic,Positive
Worth buying,Positive
I am very happy with it,Positive
The product is terrible,Negative
I hate this product,Negative
Very poor quality,Negative
Waste of money,Negative
I am disappointed with this purchase,Negative
The service was horrible,Negative
Not worth buying,Negative
The product broke immediately,Negative
The product is okay,Neutral
Average product,Neutral
Nothing special about it,Neutral
It works as expected,Neutral
The product arrived today,Neutral
Quality is average,Neutral
It is fine,Neutral
The package contains the product,Neutral